Transaction_ID,Date,Customer_ID,Gender,Age,Product_Category,Quantity,Price_Per_Unit,Total_Amount
TXN0001,2024-05-31,CUST461,Female,18,Home_Decor,5,107,535
TXN0002,2023-09-15,CUST922,Male,41,Home_Decor,4,60,240
TXN0003,2023-09-22,CUST720,Female,56,Clothing_Women,3,76,228
TXN0004,2023-09-27,CUST343,Male,21,Clothing_Women,2,33,66
TXN0005,2022-09-05,CUST515,Female,49,Home_Decor,2,70,140
TXN0006,2022-09-14,CUST075,Male,61,Home_Decor,1,86,86
TXN0007,2023-09-12,CUST678,Female,60,Beauty,1,48,48
TXN0008,2022-10-22,CUST928,Female,35,Clothing_Women,2,96,192
TXN0009,2022-03-03,CUST517,Female,47,Clothing_Men,5,86,430
TXN0010,2023-09-21,CUST453,Female,26,Electronics,5,398,1990
TXN0011,2024-01-18,CUST917,Female,57,Electronics,5,877,4385
TXN0012,2023-05-19,CUST041,Male,34,Clothing_Women,3,26,78
TXN0013,2022-03-26,CUST598,Male,37,Electronics,4,724,2896
TXN0014,2023-08-14,CUST985,Female,19,Kitchen_Utensils,1,55,55
TXN0015,2023-01-20,CUST445,Female,53,Beauty,2,67,134
TXN0016,2023-04-22,CUST349,Female,57,Clothing_Women,2,91,182
TXN0017,2023-04-14,CUST631,Male,56,Sports,2,175,350
TXN0018,2022-11-11,CUST909,Male,26,Kitchen_Utensils,1,58,58
TXN0019,2022-01-31,CUST464,Male,38,Electronics,2,851,1702
TXN0020,2022-09-08,CUST363,Male,64,Beauty,1,33,33
TXN0021,2023-04-01,CUST344,Female,42,Sports,3,80,240
TXN0022,2023-11-29,CUST842,Female,47,Beauty,3,36,108
TXN0023,2022-03-02,CUST119,Female,60,Clothing_Women,3,37,111
TXN0024,2023-09-01,CUST258,Female,37,Clothing_Women,4,40,160
TXN0025,2023-12-14,CUST234,Female,62,Home_Decor,2,59,118
TXN0026,2023-03-06,CUST189,Male,63,Clothing_Men,4,38,152
TXN0027,2024-03-08,CUST507,Female,37,Beauty,5,15,75
TXN0028,2023-08-26,CUST279,Male,50,Home_Decor,4,104,416
TXN0029,2023-07-01,CUST488,Female,51,Sports,4,72,288
TXN0030,2023-09-01,CUST642,Female,54,Books,1,16,16
TXN0031,2024-06-18,CUST103,Female,59,Clothing_Women,2,40,80
TXN0032,2024-04-04,CUST416,Male,53,Kitchen_Utensils,2,71,142
TXN0033,2022-05-22,CUST729,Male,29,Books,5,13,65
TXN0034,2024-04-01,CUST834,Female,56,Kitchen_Utensils,1,31,31
TXN0035,2022-04-29,CUST225,Female,57,Beauty,4,10,40
TXN0036,2024-02-01,CUST321,Female,26,Books,4,28,112
TXN0037,2023-10-19,CUST295,Female,27,Clothing_Men,3,83,249
TXN0038,2022-02-18,CUST210,Male,37,Kitchen_Utensils,4,78,312
TXN0039,2023-02-26,CUST181,Male,19,Electronics,5,508,2540
TXN0040,2022-07-30,CUST247,Male,41,Clothing_Men,3,63,189
TXN0041,2022-12-13,CUST068,Male,25,Books,5,12,60
TXN0042,2023-09-14,CUST864,Female,51,Beauty,5,36,180
TXN0043,2022-01-07,CUST195,Male,52,Clothing_Men,3,82,246
TXN0044,2022-06-23,CUST794,Female,60,Home_Decor,5,54,270
TXN0045,2023-03-19,CUST852,Female,41,Clothing_Women,1,43,43
TXN0046,2024-02-10,CUST776,Male,35,Beauty,2,20,40
TXN0047,2023-12-21,CUST471,Male,32,Electronics,3,982,2946
TXN0048,2023-04-12,CUST318,Male,61,Home_Decor,1,97,97
TXN0049,2024-03-27,CUST991,Female,34,Home_Decor,2,35,70
TXN0050,2023-02-24,CUST607,Male,54,Kitchen_Utensils,2,36,72
TXN0051,2024-03-14,CUST461,Female,18,Electronics,2,805,1610
TXN0052,2022-10-01,CUST922,Male,41,Electronics,3,712,2136
TXN0053,2022-02-23,CUST720,Female,56,Clothing_Women,4,92,368
TXN0054,2023-02-27,CUST343,Male,21,Clothing_Men,5,70,350
TXN0055,2022-08-10,CUST515,Female,49,Books,5,30,150
TXN0056,2023-07-02,CUST075,Male,61,Books,4,28,112
TXN0057,2023-07-10,CUST678,Female,60,Books,5,36,180
TXN0058,2024-03-05,CUST928,Female,35,Sports,5,95,475
TXN0059,2023-09-09,CUST517,Female,47,Kitchen_Utensils,5,59,295
TXN0060,2022-09-03,CUST453,Female,26,Beauty,4,37,148
TXN0061,2023-04-11,CUST917,Female,57,Clothing_Women,1,55,55
TXN0062,2022-02-27,CUST041,Male,34,Electronics,4,288,1152
TXN0063,2022-01-21,CUST598,Male,37,Sports,3,143,429
TXN0064,2023-11-23,CUST985,Female,19,Kitchen_Utensils,5,44,220
TXN0065,2022-07-04,CUST445,Female,53,Kitchen_Utensils,3,50,150
TXN0066,2022-09-16,CUST349,Female,57,Clothing_Women,5,34,170
TXN0067,2022-11-20,CUST631,Male,56,Clothing_Men,5,23,115
TXN0068,2023-11-11,CUST909,Male,26,Home_Decor,2,41,82
TXN0069,2023-06-22,CUST464,Male,38,Electronics,1,403,403
TXN0070,2024-01-08,CUST363,Male,64,Clothing_Men,2,21,42
TXN0071,2024-05-30,CUST344,Female,42,Home_Decor,4,27,108
TXN0072,2022-05-25,CUST842,Female,47,Home_Decor,3,78,234
TXN0073,2023-01-23,CUST119,Female,60,Kitchen_Utensils,5,27,135
TXN0074,2023-04-09,CUST258,Female,37,Books,2,45,90
TXN0075,2022-07-15,CUST234,Female,62,Home_Decor,1,22,22
TXN0076,2024-02-04,CUST189,Male,63,Clothing_Men,1,22,22
TXN0077,2022-05-10,CUST507,Female,37,Beauty,5,17,85
TXN0078,2024-03-26,CUST279,Male,50,Sports,2,162,324
TXN0079,2022-09-29,CUST488,Female,51,Kitchen_Utensils,2,38,76
TXN0080,2022-08-29,CUST642,Female,54,Beauty,3,32,96
TXN0081,2024-06-09,CUST103,Female,59,Kitchen_Utensils,4,36,144
TXN0082,2022-08-03,CUST416,Male,53,Electronics,2,754,1508
TXN0083,2022-06-21,CUST729,Male,29,Kitchen_Utensils,3,34,102
TXN0084,2023-12-03,CUST834,Female,56,Kitchen_Utensils,5,53,265
TXN0085,2023-04-11,CUST225,Female,57,Kitchen_Utensils,4,47,188
TXN0086,2022-01-30,CUST321,Female,26,Sports,2,144,288
TXN0087,2023-08-30,CUST295,Female,27,Home_Decor,1,100,100
TXN0088,2022-07-24,CUST210,Male,37,Electronics,1,260,260
TXN0089,2022-02-26,CUST181,Male,19,Home_Decor,5,60,300
TXN0090,2023-12-06,CUST247,Male,41,Clothing_Men,4,66,264
TXN0091,2024-03-25,CUST068,Male,25,Beauty,2,45,90
TXN0092,2022-08-27,CUST864,Female,51,Sports,5,50,250
TXN0093,2023-07-15,CUST195,Male,52,Books,4,10,40
TXN0094,2022-06-10,CUST794,Female,60,Kitchen_Utensils,1,37,37
TXN0095,2024-02-22,CUST852,Female,41,Beauty,4,49,196
TXN0096,2023-12-19,CUST776,Male,35,Clothing_Women,3,58,174
TXN0097,2024-01-30,CUST471,Male,32,Electronics,4,631,2524
TXN0098,2024-06-08,CUST318,Male,61,Clothing_Men,1,89,89
TXN0099,2023-04-23,CUST991,Female,34,Home_Decor,2,44,88
TXN0100,2023-08-08,CUST607,Male,54,Clothing_Women,4,58,232
TXN0101,2023-07-17,CUST461,Female,18,Home_Decor,3,75,225
TXN0102,2023-10-31,CUST922,Male,41,Electronics,2,836,1672
TXN0103,2023-09-15,CUST720,Female,56,Sports,5,90,450
TXN0104,2022-01-15,CUST343,Male,21,Sports,3,37,111
TXN0105,2023-06-22,CUST515,Female,49,Clothing_Women,5,83,415
TXN0106,2024-05-12,CUST075,Male,61,Electronics,5,592,2960
TXN0107,2023-11-19,CUST678,Female,60,Clothing_Women,3,87,261
TXN0108,2023-08-19,CUST928,Female,35,Books,4,15,60
TXN0109,2023-08-16,CUST517,Female,47,Electronics,5,467,2335
TXN0110,2023-11-26,CUST453,Female,26,Sports,4,176,704
TXN0111,2022-03-21,CUST917,Female,57,Beauty,4,49,196
TXN0112,2022-05-03,CUST041,Male,34,Clothing_Men,3,55,165
TXN0113,2022-07-04,CUST598,Male,37,Beauty,2,35,70
TXN0114,2022-03-16,CUST985,Female,19,Kitchen_Utensils,2,77,154
TXN0115,2023-03-29,CUST445,Female,53,Beauty,1,22,22
TXN0116,2023-03-27,CUST349,Female,57,Books,2,27,54
TXN0117,2023-02-24,CUST631,Male,56,Electronics,1,894,894
TXN0118,2023-04-14,CUST909,Male,26,Sports,4,101,404
TXN0119,2024-01-25,CUST464,Male,38,Books,3,38,114
TXN0120,2022-06-02,CUST363,Male,64,Sports,4,63,252
TXN0121,2023-09-09,CUST344,Female,42,Kitchen_Utensils,5,75,375
TXN0122,2023-06-23,CUST842,Female,47,Beauty,5,55,275
TXN0123,2023-07-27,CUST119,Female,60,Clothing_Women,4,58,232
TXN0124,2022-04-24,CUST258,Female,37,Clothing_Women,5,85,425
TXN0125,2023-05-04,CUST234,Female,62,Kitchen_Utensils,1,82,82
TXN0126,2023-12-10,CUST189,Male,63,Books,5,37,185
TXN0127,2023-05-07,CUST507,Female,37,Sports,1,131,131
TXN0128,2022-11-14,CUST279,Male,50,Beauty,1,20,20
TXN0129,2022-10-13,CUST488,Female,51,Books,5,19,95
TXN0130,2023-09-03,CUST642,Female,54,Home_Decor,1,51,51
TXN0131,2023-10-26,CUST103,Female,59,Beauty,3,12,36
TXN0132,2022-12-16,CUST416,Male,53,Sports,2,56,112
TXN0133,2022-02-05,CUST729,Male,29,Kitchen_Utensils,5,78,390
TXN0134,2022-03-09,CUST834,Female,56,Books,5,43,215
TXN0135,2024-02-21,CUST225,Female,57,Beauty,4,62,248
TXN0136,2023-12-29,CUST321,Female,26,Kitchen_Utensils,2,35,70
TXN0137,2023-01-24,CUST295,Female,27,Beauty,4,34,136
TXN0138,2023-10-07,CUST210,Male,37,Clothing_Women,5,28,140
TXN0139,2022-10-22,CUST181,Male,19,Beauty,3,69,207
TXN0140,2023-07-02,CUST247,Male,41,Clothing_Women,3,97,291
TXN0141,2023-05-13,CUST068,Male,25,Sports,4,53,212
TXN0142,2022-10-09,CUST864,Female,51,Sports,1,137,137
TXN0143,2023-05-24,CUST195,Male,52,Electronics,2,880,1760
TXN0144,2024-05-25,CUST794,Female,60,Beauty,1,62,62
TXN0145,2023-07-13,CUST852,Female,41,Beauty,4,33,132
TXN0146,2023-11-03,CUST776,Male,35,Electronics,3,807,2421
TXN0147,2022-03-15,CUST471,Male,32,Sports,5,111,555
TXN0148,2023-05-05,CUST318,Male,61,Sports,2,56,112
TXN0149,2022-08-01,CUST991,Female,34,Home_Decor,3,63,189
TXN0150,2022-05-20,CUST607,Male,54,Home_Decor,1,22,22
TXN0151,2022-03-12,CUST461,Female,18,Clothing_Women,4,48,192
TXN0152,2023-07-20,CUST922,Male,41,Clothing_Men,2,20,40
TXN0153,2024-01-05,CUST720,Female,56,Electronics,2,778,1556
TXN0154,2024-05-04,CUST343,Male,21,Electronics,2,814,1628
TXN0155,2024-05-24,CUST515,Female,49,Kitchen_Utensils,3,17,51
TXN0156,2024-04-02,CUST075,Male,61,Kitchen_Utensils,1,75,75
TXN0157,2023-06-06,CUST678,Female,60,Beauty,3,13,39
TXN0158,2024-01-03,CUST928,Female,35,Beauty,5,17,85
TXN0159,2022-03-03,CUST517,Female,47,Clothing_Women,5,57,285
TXN0160,2024-04-01,CUST453,Female,26,Books,4,47,188
TXN0161,2024-03-29,CUST917,Female,57,Beauty,4,34,136
TXN0162,2024-01-12,CUST041,Male,34,Clothing_Men,3,75,225
TXN0163,2022-06-28,CUST598,Male,37,Sports,2,33,66
TXN0164,2023-12-20,CUST985,Female,19,Beauty,3,47,141
TXN0165,2023-06-29,CUST445,Female,53,Clothing_Women,2,23,46
TXN0166,2023-12-24,CUST349,Female,57,Clothing_Women,2,94,188
TXN0167,2023-11-16,CUST631,Male,56,Clothing_Men,4,80,320
TXN0168,2023-02-13,CUST909,Male,26,Books,1,49,49
TXN0169,2022-01-02,CUST464,Male,38,Clothing_Men,1,81,81
TXN0170,2023-01-01,CUST363,Male,64,Home_Decor,3,76,228
TXN0171,2023-04-18,CUST344,Female,42,Home_Decor,5,62,310
TXN0172,2023-02-27,CUST842,Female,47,Home_Decor,4,24,96
TXN0173,2023-08-03,CUST119,Female,60,Home_Decor,3,41,123
TXN0174,2023-10-02,CUST258,Female,37,Home_Decor,1,86,86
TXN0175,2022-08-16,CUST234,Female,62,Books,1,35,35
TXN0176,2024-04-13,CUST189,Male,63,Electronics,3,391,1173
TXN0177,2022-12-01,CUST507,Female,37,Sports,4,57,228
TXN0178,2023-02-20,CUST279,Male,50,Beauty,3,18,54
TXN0179,2022-08-02,CUST488,Female,51,Clothing_Men,4,77,308
TXN0180,2023-05-24,CUST642,Female,54,Electronics,5,804,4020
TXN0181,2023-05-03,CUST103,Female,59,Beauty,5,10,50
TXN0182,2022-02-20,CUST416,Male,53,Kitchen_Utensils,1,44,44
TXN0183,2022-09-07,CUST729,Male,29,Kitchen_Utensils,2,22,44
TXN0184,2023-07-24,CUST834,Female,56,Clothing_Women,5,31,155
TXN0185,2024-02-07,CUST225,Female,57,Home_Decor,2,89,178
TXN0186,2023-03-16,CUST321,Female,26,Electronics,2,135,270
TXN0187,2022-09-24,CUST295,Female,27,Clothing_Women,5,21,105
TXN0188,2022-12-16,CUST210,Male,37,Books,2,42,84
TXN0189,2022-12-11,CUST181,Male,19,Clothing_Men,3,75,225
TXN0190,2022-07-15,CUST247,Male,41,Clothing_Women,5,33,165
TXN0191,2023-07-07,CUST068,Male,25,Clothing_Men,2,58,116
TXN0192,2024-05-19,CUST864,Female,51,Books,3,13,39
TXN0193,2023-03-05,CUST195,Male,52,Electronics,4,768,3072
TXN0194,2022-09-20,CUST794,Female,60,Electronics,3,106,318
TXN0195,2023-07-22,CUST852,Female,41,Home_Decor,5,111,555
TXN0196,2022-02-16,CUST776,Male,35,Electronics,5,544,2720
TXN0197,2022-09-18,CUST471,Male,32,Electronics,3,164,492
TXN0198,2022-10-21,CUST318,Male,61,Clothing_Men,5,54,270
TXN0199,2023-04-14,CUST991,Female,34,Clothing_Women,1,98,98
TXN0200,2022-07-25,CUST607,Male,54,Clothing_Men,4,28,112
TXN0201,2022-07-23,CUST461,Female,18,Kitchen_Utensils,5,82,410
TXN0202,2022-09-19,CUST922,Male,41,Books,4,42,168
TXN0203,2022-08-15,CUST720,Female,56,Home_Decor,3,109,327
TXN0204,2023-04-07,CUST343,Male,21,Kitchen_Utensils,1,19,19
TXN0205,2023-01-16,CUST515,Female,49,Sports,3,178,534
TXN0206,2022-12-13,CUST075,Male,61,Home_Decor,5,85,425
TXN0207,2023-11-03,CUST678,Female,60,Clothing_Women,4,47,188
TXN0208,2022-12-06,CUST928,Female,35,Clothing_Men,4,64,256
TXN0209,2023-03-20,CUST517,Female,47,Beauty,2,15,30
TXN0210,2022-10-23,CUST453,Female,26,Home_Decor,4,70,280
TXN0211,2022-02-25,CUST917,Female,57,Sports,1,42,42
TXN0212,2023-11-06,CUST041,Male,34,Books,5,36,180
TXN0213,2022-12-07,CUST598,Male,37,Beauty,5,57,285
TXN0214,2022-06-04,CUST985,Female,19,Kitchen_Utensils,4,69,276
TXN0215,2023-09-05,CUST445,Female,53,Home_Decor,3,43,129
TXN0216,2023-05-10,CUST349,Female,57,Kitchen_Utensils,1,32,32
TXN0217,2022-06-14,CUST631,Male,56,Books,4,13,52
TXN0218,2024-01-09,CUST909,Male,26,Home_Decor,3,32,96
TXN0219,2024-03-03,CUST464,Male,38,Electronics,1,810,810
TXN0220,2022-02-25,CUST363,Male,64,Kitchen_Utensils,3,25,75
TXN0221,2022-01-02,CUST344,Female,42,Beauty,5,16,80
TXN0222,2023-05-02,CUST842,Female,47,Kitchen_Utensils,5,75,375
TXN0223,2022-11-12,CUST119,Female,60,Electronics,3,964,2892
TXN0224,2022-05-05,CUST258,Female,37,Beauty,1,66,66
TXN0225,2023-04-04,CUST234,Female,62,Beauty,2,53,106
TXN0226,2022-07-31,CUST189,Male,63,Sports,2,64,128
TXN0227,2023-01-12,CUST507,Female,37,Beauty,5,56,280
TXN0228,2024-03-15,CUST279,Male,50,Clothing_Men,5,45,225
TXN0229,2023-01-12,CUST488,Female,51,Clothing_Women,2,31,62
TXN0230,2024-01-03,CUST642,Female,54,Books,5,16,80
TXN0231,2023-05-07,CUST103,Female,59,Beauty,2,19,38
TXN0232,2022-05-19,CUST416,Male,53,Sports,2,162,324
TXN0233,2022-03-05,CUST729,Male,29,Sports,1,114,114
TXN0234,2024-01-12,CUST834,Female,56,Beauty,2,29,58
TXN0235,2022-04-21,CUST225,Female,57,Beauty,4,43,172
TXN0236,2024-04-25,CUST321,Female,26,Clothing_Women,2,62,124
TXN0237,2023-01-26,CUST295,Female,27,Kitchen_Utensils,3,66,198
TXN0238,2022-05-07,CUST210,Male,37,Sports,2,176,352
TXN0239,2023-06-16,CUST181,Male,19,Home_Decor,2,57,114
TXN0240,2022-07-27,CUST247,Male,41,Beauty,3,49,147
TXN0241,2023-01-19,CUST068,Male,25,Books,4,30,120
TXN0242,2022-09-19,CUST864,Female,51,Electronics,5,798,3990
TXN0243,2022-12-18,CUST195,Male,52,Clothing_Men,1,97,97
TXN0244,2022-03-10,CUST794,Female,60,Home_Decor,2,45,90
TXN0245,2022-02-09,CUST852,Female,41,Books,1,11,11
TXN0246,2024-06-06,CUST776,Male,35,Electronics,3,776,2328
TXN0247,2023-12-12,CUST471,Male,32,Beauty,4,58,232
TXN0248,2022-05-20,CUST318,Male,61,Kitchen_Utensils,4,77,308
TXN0249,2024-04-14,CUST991,Female,34,Home_Decor,5,98,490
TXN0250,2022-01-05,CUST607,Male,54,Clothing_Men,5,87,435
TXN0251,2023-01-13,CUST461,Female,18,Kitchen_Utensils,5,67,335
TXN0252,2022-05-15,CUST922,Male,41,Beauty,4,29,116
TXN0253,2022-10-25,CUST720,Female,56,Home_Decor,5,49,245
TXN0254,2022-01-06,CUST343,Male,21,Electronics,2,631,1262
TXN0255,2024-05-08,CUST515,Female,49,Home_Decor,1,33,33
TXN0256,2022-10-02,CUST075,Male,61,Books,5,48,240
TXN0257,2023-04-22,CUST678,Female,60,Books,4,45,180
TXN0258,2023-05-15,CUST928,Female,35,Clothing_Women,1,51,51
TXN0259,2023-07-14,CUST517,Female,47,Beauty,1,62,62
TXN0260,2024-06-08,CUST453,Female,26,Beauty,4,18,72
TXN0261,2023-03-19,CUST917,Female,57,Books,5,49,245
TXN0262,2023-03-24,CUST041,Male,34,Clothing_Men,3,21,63
TXN0263,2022-06-26,CUST598,Male,37,Home_Decor,5,29,145
TXN0264,2024-04-26,CUST985,Female,19,Kitchen_Utensils,2,25,50
TXN0265,2024-02-22,CUST445,Female,53,Books,2,42,84
TXN0266,2023-10-28,CUST349,Female,57,Books,1,11,11
TXN0267,2023-09-19,CUST631,Male,56,Kitchen_Utensils,5,79,395
TXN0268,2023-02-10,CUST909,Male,26,Clothing_Men,1,32,32
TXN0269,2022-06-03,CUST464,Male,38,Clothing_Men,1,79,79
TXN0270,2023-07-12,CUST363,Male,64,Sports,3,70,210
TXN0271,2024-02-05,CUST344,Female,42,Beauty,4,37,148
TXN0272,2023-06-27,CUST842,Female,47,Books,3,41,123
TXN0273,2023-03-19,CUST119,Female,60,Beauty,5,41,205
TXN0274,2024-03-17,CUST258,Female,37,Kitchen_Utensils,4,74,296
TXN0275,2023-05-21,CUST234,Female,62,Beauty,4,15,60
TXN0276,2024-05-02,CUST189,Male,63,Kitchen_Utensils,2,58,116
TXN0277,2024-03-02,CUST507,Female,37,Beauty,5,26,130
TXN0278,2023-06-18,CUST279,Male,50,Books,3,32,96
TXN0279,2022-11-14,CUST488,Female,51,Beauty,2,47,94
TXN0280,2023-09-21,CUST642,Female,54,Sports,1,164,164
TXN0281,2023-03-09,CUST103,Female,59,Books,5,36,180
TXN0282,2022-02-12,CUST416,Male,53,Kitchen_Utensils,1,21,21
TXN0283,2022-01-30,CUST729,Male,29,Sports,4,71,284
TXN0284,2023-02-10,CUST834,Female,56,Beauty,2,65,130
TXN0285,2022-08-11,CUST225,Female,57,Clothing_Men,3,79,237
TXN0286,2022-06-05,CUST321,Female,26,Home_Decor,4,104,416
TXN0287,2024-01-02,CUST295,Female,27,Beauty,3,44,132
TXN0288,2022-08-07,CUST210,Male,37,Kitchen_Utensils,5,18,90
TXN0289,2023-03-20,CUST181,Male,19,Home_Decor,4,22,88
TXN0290,2023-08-21,CUST247,Male,41,Sports,2,144,288
TXN0291,2022-10-24,CUST068,Male,25,Clothing_Men,5,84,420
TXN0292,2023-01-16,CUST864,Female,51,Kitchen_Utensils,1,81,81
TXN0293,2023-04-12,CUST195,Male,52,Clothing_Men,1,89,89
TXN0294,2023-08-02,CUST794,Female,60,Sports,5,86,430
TXN0295,2024-05-02,CUST852,Female,41,Clothing_Women,1,91,91
TXN0296,2023-11-03,CUST776,Male,35,Kitchen_Utensils,1,66,66
TXN0297,2024-02-17,CUST471,Male,32,Clothing_Men,2,44,88
TXN0298,2023-04-27,CUST318,Male,61,Clothing_Women,2,33,66
TXN0299,2023-03-21,CUST991,Female,34,Kitchen_Utensils,5,52,260
TXN0300,2023-12-29,CUST607,Male,54,Clothing_Men,1,64,64
TXN0301,2022-02-13,CUST461,Female,18,Clothing_Women,3,55,165
TXN0302,2024-04-09,CUST922,Male,41,Clothing_Men,5,26,130
TXN0303,2023-05-07,CUST720,Female,56,Beauty,4,12,48
TXN0304,2023-12-06,CUST343,Male,21,Home_Decor,4,46,184
TXN0305,2022-06-24,CUST515,Female,49,Sports,2,131,262
TXN0306,2024-06-05,CUST075,Male,61,Home_Decor,5,66,330
TXN0307,2024-04-15,CUST678,Female,60,Kitchen_Utensils,1,65,65
TXN0308,2023-02-15,CUST928,Female,35,Clothing_Women,5,91,455
TXN0309,2023-09-10,CUST517,Female,47,Electronics,5,478,2390
TXN0310,2023-08-28,CUST453,Female,26,Sports,4,100,400
TXN0311,2023-08-07,CUST917,Female,57,Clothing_Women,3,33,99
TXN0312,2022-02-21,CUST041,Male,34,Electronics,1,852,852
TXN0313,2022-08-19,CUST598,Male,37,Clothing_Men,5,31,155
TXN0314,2022-05-30,CUST985,Female,19,Home_Decor,2,94,188
TXN0315,2022-03-26,CUST445,Female,53,Clothing_Women,4,50,200
TXN0316,2023-06-27,CUST349,Female,57,Beauty,2,40,80
TXN0317,2024-01-06,CUST631,Male,56,Sports,1,108,108
TXN0318,2022-07-09,CUST909,Male,26,Sports,3,120,360
TXN0319,2022-02-23,CUST464,Male,38,Clothing_Men,4,23,92
TXN0320,2024-03-22,CUST363,Male,64,Clothing_Women,1,28,28
TXN0321,2023-06-17,CUST344,Female,42,Sports,5,61,305
TXN0322,2023-09-01,CUST842,Female,47,Clothing_Women,5,35,175
TXN0323,2023-08-23,CUST119,Female,60,Beauty,3,14,42
TXN0324,2023-11-25,CUST258,Female,37,Home_Decor,2,72,144
TXN0325,2023-04-29,CUST234,Female,62,Kitchen_Utensils,5,50,250
TXN0326,2022-07-11,CUST189,Male,63,Kitchen_Utensils,2,44,88
TXN0327,2023-12-11,CUST507,Female,37,Clothing_Men,3,94,282
TXN0328,2023-06-26,CUST279,Male,50,Clothing_Men,2,85,170
TXN0329,2022-04-29,CUST488,Female,51,Books,5,11,55
TXN0330,2023-10-03,CUST642,Female,54,Clothing_Women,5,87,435
TXN0331,2023-10-29,CUST103,Female,59,Beauty,2,23,46
TXN0332,2022-05-24,CUST416,Male,53,Clothing_Men,1,54,54
TXN0333,2022-01-02,CUST729,Male,29,Electronics,3,775,2325
TXN0334,2022-01-30,CUST834,Female,56,Electronics,5,154,770
TXN0335,2022-12-22,CUST225,Female,57,Electronics,3,414,1242
TXN0336,2022-02-16,CUST321,Female,26,Clothing_Women,5,79,395
TXN0337,2022-03-05,CUST295,Female,27,Sports,5,106,530
TXN0338,2024-04-23,CUST210,Male,37,Electronics,1,706,706
TXN0339,2022-06-29,CUST181,Male,19,Clothing_Men,5,65,325
TXN0340,2022-11-08,CUST247,Male,41,Clothing_Men,4,58,232
TXN0341,2024-05-13,CUST068,Male,25,Home_Decor,3,24,72
TXN0342,2024-01-17,CUST864,Female,51,Clothing_Women,3,28,84
TXN0343,2022-01-26,CUST195,Male,52,Books,4,23,92
TXN0344,2022-06-22,CUST794,Female,60,Beauty,2,29,58
TXN0345,2023-05-19,CUST852,Female,41,Home_Decor,5,32,160
TXN0346,2023-04-13,CUST776,Male,35,Beauty,5,62,310
TXN0347,2023-05-19,CUST471,Male,32,Books,5,33,165
TXN0348,2022-11-20,CUST318,Male,61,Sports,3,163,489
TXN0349,2023-03-24,CUST991,Female,34,Beauty,1,60,60
TXN0350,2022-11-02,CUST607,Male,54,Electronics,3,563,1689
TXN0351,2022-03-07,CUST461,Female,18,Home_Decor,5,80,400
TXN0352,2023-07-30,CUST922,Male,41,Clothing_Men,3,54,162
TXN0353,2023-06-10,CUST720,Female,56,Clothing_Men,5,72,360
TXN0354,2024-02-29,CUST343,Male,21,Beauty,2,36,72
TXN0355,2022-08-28,CUST515,Female,49,Books,5,48,240
TXN0356,2022-05-06,CUST075,Male,61,Clothing_Men,5,63,315
TXN0357,2023-01-19,CUST678,Female,60,Clothing_Women,4,36,144
TXN0358,2023-11-28,CUST928,Female,35,Home_Decor,1,96,96
TXN0359,2022-02-05,CUST517,Female,47,Clothing_Women,4,76,304
TXN0360,2024-02-20,CUST453,Female,26,Sports,5,164,820
TXN0361,2022-06-01,CUST917,Female,57,Books,1,33,33
TXN0362,2024-04-24,CUST041,Male,34,Sports,5,157,785
TXN0363,2024-04-25,CUST598,Male,37,Clothing_Women,1,73,73
TXN0364,2023-07-29,CUST985,Female,19,Beauty,5,68,340
TXN0365,2022-08-01,CUST445,Female,53,Clothing_Men,2,33,66
TXN0366,2023-06-08,CUST349,Female,57,Beauty,3,48,144
TXN0367,2022-05-06,CUST631,Male,56,Books,1,49,49
TXN0368,2023-02-26,CUST909,Male,26,Kitchen_Utensils,1,34,34
TXN0369,2023-07-07,CUST464,Male,38,Home_Decor,3,97,291
TXN0370,2023-09-15,CUST363,Male,64,Electronics,4,846,3384
TXN0371,2022-04-25,CUST344,Female,42,Kitchen_Utensils,2,15,30
TXN0372,2024-01-05,CUST842,Female,47,Clothing_Women,4,43,172
TXN0373,2023-04-11,CUST119,Female,60,Books,1,38,38
TXN0374,2023-09-06,CUST258,Female,37,Kitchen_Utensils,1,84,84
TXN0375,2023-10-23,CUST234,Female,62,Books,2,34,68
TXN0376,2023-07-01,CUST189,Male,63,Books,5,12,60
TXN0377,2023-02-08,CUST507,Female,37,Home_Decor,4,86,344
TXN0378,2022-03-27,CUST279,Male,50,Clothing_Men,3,33,99
TXN0379,2024-05-08,CUST488,Female,51,Clothing_Men,5,25,125
TXN0380,2023-04-15,CUST642,Female,54,Home_Decor,3,96,288
TXN0381,2022-04-07,CUST103,Female,59,Beauty,5,34,170
TXN0382,2022-08-25,CUST416,Male,53,Electronics,2,216,432
TXN0383,2023-06-14,CUST729,Male,29,Electronics,2,976,1952
TXN0384,2023-04-02,CUST834,Female,56,Kitchen_Utensils,5,68,340
TXN0385,2023-07-09,CUST225,Female,57,Kitchen_Utensils,2,66,132
TXN0386,2022-07-18,CUST321,Female,26,Clothing_Women,2,48,96
TXN0387,2023-02-13,CUST295,Female,27,Home_Decor,4,46,184
TXN0388,2023-09-29,CUST210,Male,37,Books,5,24,120
TXN0389,2024-04-18,CUST181,Male,19,Kitchen_Utensils,5,56,280
TXN0390,2022-08-15,CUST247,Male,41,Electronics,1,395,395
TXN0391,2022-08-19,CUST068,Male,25,Sports,5,173,865
TXN0392,2022-03-08,CUST864,Female,51,Electronics,1,707,707
TXN0393,2023-04-01,CUST195,Male,52,Home_Decor,5,116,580
TXN0394,2022-03-16,CUST794,Female,60,Home_Decor,4,98,392
TXN0395,2023-09-09,CUST852,Female,41,Clothing_Women,3,33,99
TXN0396,2022-12-13,CUST776,Male,35,Home_Decor,5,99,495
TXN0397,2022-02-05,CUST471,Male,32,Clothing_Men,5,47,235
TXN0398,2023-11-20,CUST318,Male,61,Books,1,40,40
TXN0399,2024-01-17,CUST991,Female,34,Sports,1,152,152
TXN0400,2024-04-22,CUST607,Male,54,Books,4,11,44
TXN0401,2023-03-19,CUST461,Female,18,Beauty,1,15,15
TXN0402,2023-11-21,CUST922,Male,41,Sports,5,54,270
TXN0403,2022-01-04,CUST720,Female,56,Books,5,41,205
TXN0404,2024-04-07,CUST343,Male,21,Clothing_Women,2,33,66
TXN0405,2023-10-27,CUST515,Female,49,Home_Decor,1,63,63
TXN0406,2022-12-08,CUST075,Male,61,Clothing_Men,1,45,45
TXN0407,2024-03-24,CUST678,Female,60,Home_Decor,2,41,82
TXN0408,2022-05-28,CUST928,Female,35,Home_Decor,3,54,162
TXN0409,2023-10-26,CUST517,Female,47,Books,4,24,96
TXN0410,2024-01-22,CUST453,Female,26,Electronics,5,652,3260
TXN0411,2022-05-12,CUST917,Female,57,Books,2,34,68
TXN0412,2023-02-01,CUST041,Male,34,Electronics,1,133,133
TXN0413,2022-10-11,CUST598,Male,37,Books,1,45,45
TXN0414,2023-02-22,CUST985,Female,19,Kitchen_Utensils,4,25,100
TXN0415,2022-01-06,CUST445,Female,53,Home_Decor,4,56,224
TXN0416,2023-11-06,CUST349,Female,57,Clothing_Women,5,29,145
TXN0417,2024-04-05,CUST631,Male,56,Electronics,3,186,558
TXN0418,2024-03-22,CUST909,Male,26,Sports,1,108,108
TXN0419,2022-04-14,CUST464,Male,38,Clothing_Men,4,56,224
TXN0420,2022-06-19,CUST363,Male,64,Beauty,2,40,80
TXN0421,2022-10-12,CUST344,Female,42,Books,5,22,110
TXN0422,2023-08-11,CUST842,Female,47,Clothing_Men,5,61,305
TXN0423,2023-10-13,CUST119,Female,60,Clothing_Women,5,73,365
TXN0424,2023-11-26,CUST258,Female,37,Beauty,2,69,138
TXN0425,2022-12-31,CUST234,Female,62,Clothing_Women,4,25,100
TXN0426,2023-04-24,CUST189,Male,63,Clothing_Men,2,91,182
TXN0427,2022-08-24,CUST507,Female,37,Kitchen_Utensils,5,29,145
TXN0428,2022-10-06,CUST279,Male,50,Home_Decor,4,41,164
TXN0429,2022-05-26,CUST488,Female,51,Home_Decor,1,28,28
TXN0430,2024-01-22,CUST642,Female,54,Home_Decor,1,117,117
TXN0431,2023-06-01,CUST103,Female,59,Electronics,3,644,1932
TXN0432,2023-06-27,CUST416,Male,53,Home_Decor,2,61,122
TXN0433,2022-02-06,CUST729,Male,29,Sports,2,56,112
TXN0434,2023-02-15,CUST834,Female,56,Books,3,13,39
TXN0435,2022-03-17,CUST225,Female,57,Beauty,4,66,264
TXN0436,2022-03-21,CUST321,Female,26,Beauty,5,22,110
TXN0437,2022-02-27,CUST295,Female,27,Kitchen_Utensils,3,71,213
TXN0438,2023-09-24,CUST210,Male,37,Clothing_Women,1,97,97
TXN0439,2022-02-20,CUST181,Male,19,Sports,3,45,135
TXN0440,2022-09-08,CUST247,Male,41,Clothing_Men,2,20,40
TXN0441,2024-05-08,CUST068,Male,25,Electronics,5,628,3140
TXN0442,2022-06-30,CUST864,Female,51,Kitchen_Utensils,4,15,60
TXN0443,2023-12-06,CUST195,Male,52,Sports,4,124,496
TXN0444,2024-01-17,CUST794,Female,60,Sports,4,93,372
TXN0445,2024-03-27,CUST852,Female,41,Clothing_Women,5,39,195
TXN0446,2023-11-18,CUST776,Male,35,Electronics,2,466,932
TXN0447,2023-05-08,CUST471,Male,32,Sports,4,178,712
TXN0448,2023-02-21,CUST318,Male,61,Clothing_Men,4,62,248
TXN0449,2022-11-03,CUST991,Female,34,Clothing_Women,1,51,51
TXN0450,2022-03-04,CUST607,Male,54,Home_Decor,1,70,70
TXN0451,2022-01-29,CUST461,Female,18,Electronics,1,925,925
TXN0452,2023-01-02,CUST922,Male,41,Books,3,40,120
TXN0453,2022-09-08,CUST720,Female,56,Clothing_Women,3,31,93
TXN0454,2023-11-09,CUST343,Male,21,Kitchen_Utensils,5,47,235
TXN0455,2023-09-02,CUST515,Female,49,Books,4,17,68
TXN0456,2023-06-22,CUST075,Male,61,Home_Decor,2,49,98
TXN0457,2023-06-26,CUST678,Female,60,Sports,1,58,58
TXN0458,2022-01-16,CUST928,Female,35,Home_Decor,1,51,51
TXN0459,2023-10-26,CUST517,Female,47,Beauty,3,46,138
TXN0460,2023-06-21,CUST453,Female,26,Home_Decor,1,20,20
TXN0461,2023-09-19,CUST917,Female,57,Home_Decor,1,118,118
TXN0462,2023-01-31,CUST041,Male,34,Home_Decor,2,115,230
TXN0463,2022-06-23,CUST598,Male,37,Books,1,18,18
TXN0464,2023-06-27,CUST985,Female,19,Sports,2,154,308
TXN0465,2023-09-18,CUST445,Female,53,Books,2,25,50
TXN0466,2023-04-19,CUST349,Female,57,Sports,1,105,105
TXN0467,2023-05-30,CUST631,Male,56,Kitchen_Utensils,1,30,30
TXN0468,2023-02-20,CUST909,Male,26,Beauty,2,45,90
TXN0469,2023-02-22,CUST464,Male,38,Clothing_Men,3,34,102
TXN0470,2022-04-20,CUST363,Male,64,Kitchen_Utensils,4,60,240
TXN0471,2024-03-04,CUST344,Female,42,Beauty,2,20,40
TXN0472,2023-12-27,CUST842,Female,47,Kitchen_Utensils,2,53,106
TXN0473,2023-12-27,CUST119,Female,60,Kitchen_Utensils,2,82,164
TXN0474,2022-10-14,CUST258,Female,37,Books,5,27,135
TXN0475,2022-06-23,CUST234,Female,62,Home_Decor,3,101,303
TXN0476,2022-08-07,CUST189,Male,63,Home_Decor,4,102,408
TXN0477,2024-03-04,CUST507,Female,37,Clothing_Women,1,63,63
TXN0478,2024-03-03,CUST279,Male,50,Clothing_Men,4,34,136
TXN0479,2024-04-26,CUST488,Female,51,Sports,5,170,850
TXN0480,2023-12-25,CUST642,Female,54,Home_Decor,5,41,205
TXN0481,2023-01-15,CUST103,Female,59,Books,1,45,45
TXN0482,2024-05-30,CUST416,Male,53,Kitchen_Utensils,5,46,230
TXN0483,2022-05-21,CUST729,Male,29,Clothing_Women,2,82,164
TXN0484,2023-05-02,CUST834,Female,56,Clothing_Women,5,46,230
TXN0485,2022-09-25,CUST225,Female,57,Clothing_Women,1,61,61
TXN0486,2023-10-18,CUST321,Female,26,Home_Decor,2,45,90
TXN0487,2023-01-29,CUST295,Female,27,Clothing_Women,4,24,96
TXN0488,2024-06-15,CUST210,Male,37,Kitchen_Utensils,3,32,96
TXN0489,2022-07-13,CUST181,Male,19,Sports,5,47,235
TXN0490,2023-03-03,CUST247,Male,41,Clothing_Men,2,31,62
TXN0491,2022-05-01,CUST068,Male,25,Books,4,32,128
TXN0492,2022-10-15,CUST864,Female,51,Home_Decor,3,104,312
TXN0493,2023-01-11,CUST195,Male,52,Beauty,2,25,50
TXN0494,2022-08-29,CUST794,Female,60,Beauty,4,31,124
TXN0495,2023-03-27,CUST852,Female,41,Home_Decor,3,90,270
TXN0496,2024-05-09,CUST776,Male,35,Books,1,15,15
TXN0497,2022-03-25,CUST471,Male,32,Sports,4,148,592
TXN0498,2022-11-27,CUST318,Male,61,Electronics,1,150,150
TXN0499,2023-06-18,CUST991,Female,34,Sports,1,165,165
TXN0500,2023-04-15,CUST607,Male,54,Home_Decor,5,55,275
TXN0501,2023-06-16,CUST461,Female,18,Home_Decor,5,49,245
TXN0502,2024-06-13,CUST922,Male,41,Electronics,2,926,1852
TXN0503,2023-12-18,CUST720,Female,56,Home_Decor,3,70,210
TXN0504,2024-04-08,CUST343,Male,21,Electronics,4,783,3132
TXN0505,2024-01-30,CUST515,Female,49,Beauty,1,42,42
TXN0506,2024-03-17,CUST075,Male,61,Electronics,2,647,1294
TXN0507,2022-05-11,CUST678,Female,60,Kitchen_Utensils,3,84,252
TXN0508,2022-03-27,CUST928,Female,35,Beauty,1,67,67
TXN0509,2022-01-12,CUST517,Female,47,Beauty,1,58,58
TXN0510,2023-12-07,CUST453,Female,26,Kitchen_Utensils,4,38,152
TXN0511,2023-09-17,CUST917,Female,57,Home_Decor,1,26,26
TXN0512,2022-10-09,CUST041,Male,34,Clothing_Men,5,38,190
TXN0513,2022-11-03,CUST598,Male,37,Kitchen_Utensils,1,17,17
TXN0514,2022-01-19,CUST985,Female,19,Beauty,3,39,117
TXN0515,2023-12-15,CUST445,Female,53,Home_Decor,2,24,48
TXN0516,2023-02-20,CUST349,Female,57,Kitchen_Utensils,2,43,86
TXN0517,2023-02-25,CUST631,Male,56,Clothing_Men,1,75,75
TXN0518,2022-05-12,CUST909,Male,26,Books,5,25,125
TXN0519,2024-01-04,CUST464,Male,38,Home_Decor,4,69,276
TXN0520,2023-05-04,CUST363,Male,64,Clothing_Men,5,95,475
TXN0521,2024-05-06,CUST344,Female,42,Kitchen_Utensils,2,82,164
TXN0522,2022-04-13,CUST842,Female,47,Books,4,40,160
TXN0523,2022-06-14,CUST119,Female,60,Beauty,1,56,56
TXN0524,2023-04-18,CUST258,Female,37,Books,5,16,80
TXN0525,2022-05-08,CUST234,Female,62,Books,3,29,87
TXN0526,2023-12-26,CUST189,Male,63,Electronics,1,867,867
TXN0527,2023-03-29,CUST507,Female,37,Clothing_Women,5,93,465
TXN0528,2022-02-03,CUST279,Male,50,Electronics,2,555,1110
TXN0529,2024-04-12,CUST488,Female,51,Clothing_Women,5,98,490
TXN0530,2022-07-28,CUST642,Female,54,Kitchen_Utensils,4,84,336
TXN0531,2022-07-27,CUST103,Female,59,Kitchen_Utensils,5,75,375
TXN0532,2024-04-04,CUST416,Male,53,Kitchen_Utensils,5,63,315
TXN0533,2022-08-25,CUST729,Male,29,Sports,1,82,82
TXN0534,2023-02-01,CUST834,Female,56,Sports,2,111,222
TXN0535,2023-12-24,CUST225,Female,57,Beauty,4,62,248
TXN0536,2023-08-19,CUST321,Female,26,Kitchen_Utensils,2,20,40
TXN0537,2024-03-09,CUST295,Female,27,Kitchen_Utensils,3,59,177
TXN0538,2022-06-08,CUST210,Male,37,Sports,3,42,126
TXN0539,2022-08-29,CUST181,Male,19,Books,3,25,75
TXN0540,2022-07-10,CUST247,Male,41,Electronics,5,293,1465
TXN0541,2023-03-12,CUST068,Male,25,Clothing_Men,4,82,328
TXN0542,2024-05-20,CUST864,Female,51,Home_Decor,2,64,128
TXN0543,2023-07-22,CUST195,Male,52,Electronics,1,699,699
TXN0544,2023-12-10,CUST794,Female,60,Books,4,24,96
TXN0545,2024-02-15,CUST852,Female,41,Beauty,3,40,120
TXN0546,2024-01-03,CUST776,Male,35,Home_Decor,2,115,230
TXN0547,2022-08-18,CUST471,Male,32,Books,5,45,225
TXN0548,2023-01-31,CUST318,Male,61,Clothing_Men,4,73,292
TXN0549,2022-10-22,CUST991,Female,34,Clothing_Women,3,98,294
TXN0550,2023-09-07,CUST607,Male,54,Electronics,3,167,501
TXN0551,2022-02-22,CUST461,Female,18,Clothing_Men,5,71,355
TXN0552,2022-04-14,CUST922,Male,41,Clothing_Women,1,42,42
TXN0553,2022-07-08,CUST720,Female,56,Electronics,1,960,960
TXN0554,2022-12-07,CUST343,Male,21,Electronics,5,925,4625
TXN0555,2024-03-04,CUST515,Female,49,Home_Decor,5,40,200
TXN0556,2023-08-01,CUST075,Male,61,Beauty,5,16,80
TXN0557,2023-09-04,CUST678,Female,60,Kitchen_Utensils,1,23,23
TXN0558,2024-05-08,CUST928,Female,35,Clothing_Women,1,84,84
TXN0559,2022-03-03,CUST517,Female,47,Books,3,16,48
TXN0560,2024-04-15,CUST453,Female,26,Kitchen_Utensils,3,29,87
TXN0561,2023-11-16,CUST917,Female,57,Clothing_Men,5,60,300
TXN0562,2023-05-21,CUST041,Male,34,Beauty,3,13,39
TXN0563,2023-03-24,CUST598,Male,37,Sports,4,115,460
TXN0564,2024-05-11,CUST985,Female,19,Home_Decor,1,31,31
TXN0565,2024-01-03,CUST445,Female,53,Books,5,33,165
TXN0566,2022-12-01,CUST349,Female,57,Books,3,31,93
TXN0567,2022-09-17,CUST631,Male,56,Beauty,2,41,82
TXN0568,2022-12-29,CUST909,Male,26,Electronics,4,252,1008
TXN0569,2023-01-04,CUST464,Male,38,Electronics,1,434,434
TXN0570,2023-02-17,CUST363,Male,64,Books,2,10,20
TXN0571,2022-06-26,CUST344,Female,42,Electronics,3,242,726
TXN0572,2022-10-28,CUST842,Female,47,Kitchen_Utensils,1,35,35
TXN0573,2022-10-22,CUST119,Female,60,Beauty,2,27,54
TXN0574,2023-02-04,CUST258,Female,37,Clothing_Women,3,90,270
TXN0575,2023-06-30,CUST234,Female,62,Clothing_Women,3,31,93
TXN0576,2022-04-11,CUST189,Male,63,Electronics,5,764,3820
TXN0577,2022-09-03,CUST507,Female,37,Kitchen_Utensils,1,35,35
TXN0578,2023-07-18,CUST279,Male,50,Sports,4,49,196
TXN0579,2023-03-21,CUST488,Female,51,Kitchen_Utensils,5,58,290
TXN0580,2023-08-31,CUST642,Female,54,Clothing_Men,4,71,284
TXN0581,2022-02-11,CUST103,Female,59,Clothing_Women,4,61,244
TXN0582,2022-08-23,CUST416,Male,53,Books,1,30,30
TXN0583,2022-04-05,CUST729,Male,29,Clothing_Men,3,48,144
TXN0584,2022-06-12,CUST834,Female,56,Clothing_Men,5,77,385
TXN0585,2022-10-24,CUST225,Female,57,Clothing_Women,3,69,207
TXN0586,2024-04-08,CUST321,Female,26,Kitchen_Utensils,3,80,240
TXN0587,2022-06-23,CUST295,Female,27,Sports,2,50,100
TXN0588,2022-03-19,CUST210,Male,37,Kitchen_Utensils,4,44,176
TXN0589,2024-05-24,CUST181,Male,19,Home_Decor,2,113,226
TXN0590,2024-04-08,CUST247,Male,41,Sports,3,86,258
TXN0591,2022-06-29,CUST068,Male,25,Sports,1,157,157
TXN0592,2024-06-14,CUST864,Female,51,Home_Decor,1,102,102
TXN0593,2022-09-30,CUST195,Male,52,Home_Decor,4,69,276
TXN0594,2023-09-24,CUST794,Female,60,Clothing_Women,4,32,128
TXN0595,2023-04-10,CUST852,Female,41,Kitchen_Utensils,2,80,160
TXN0596,2022-10-19,CUST776,Male,35,Electronics,3,525,1575
TXN0597,2022-11-16,CUST471,Male,32,Electronics,3,202,606
TXN0598,2023-05-01,CUST318,Male,61,Electronics,1,352,352
TXN0599,2024-02-08,CUST991,Female,34,Clothing_Women,3,56,168
TXN0600,2023-08-12,CUST607,Male,54,Clothing_Men,2,57,114
TXN0601,2022-11-11,CUST461,Female,18,Books,3,18,54
TXN0602,2024-01-24,CUST922,Male,41,Electronics,5,997,4985
TXN0603,2023-01-01,CUST720,Female,56,Kitchen_Utensils,2,16,32
TXN0604,2022-12-08,CUST343,Male,21,Kitchen_Utensils,1,30,30
TXN0605,2022-08-26,CUST515,Female,49,Sports,4,39,156
TXN0606,2022-01-03,CUST075,Male,61,Electronics,4,183,732
TXN0607,2024-01-16,CUST678,Female,60,Clothing_Women,1,56,56
TXN0608,2023-06-24,CUST928,Female,35,Beauty,2,39,78
TXN0609,2024-02-29,CUST517,Female,47,Electronics,3,455,1365
TXN0610,2023-12-06,CUST453,Female,26,Books,3,20,60
TXN0611,2022-08-27,CUST917,Female,57,Home_Decor,4,36,144
TXN0612,2022-07-19,CUST041,Male,34,Clothing_Men,5,43,215
TXN0613,2023-12-10,CUST598,Male,37,Home_Decor,1,34,34
TXN0614,2024-04-24,CUST985,Female,19,Clothing_Women,2,81,162
TXN0615,2023-09-26,CUST445,Female,53,Clothing_Women,2,48,96
TXN0616,2023-07-11,CUST349,Female,57,Books,1,13,13
TXN0617,2023-03-28,CUST631,Male,56,Clothing_Men,5,64,320
TXN0618,2022-08-24,CUST909,Male,26,Clothing_Men,1,85,85
TXN0619,2024-04-28,CUST464,Male,38,Clothing_Women,1,67,67
TXN0620,2023-01-19,CUST363,Male,64,Books,5,22,110
TXN0621,2022-11-11,CUST344,Female,42,Sports,1,77,77
TXN0622,2023-11-15,CUST842,Female,47,Clothing_Men,2,21,42
TXN0623,2022-11-17,CUST119,Female,60,Clothing_Women,5,42,210
TXN0624,2024-04-18,CUST258,Female,37,Books,1,41,41
TXN0625,2022-06-01,CUST234,Female,62,Clothing_Women,4,28,112
TXN0626,2024-02-06,CUST189,Male,63,Clothing_Men,3,87,261
TXN0627,2024-01-05,CUST507,Female,37,Electronics,3,746,2238
TXN0628,2022-02-07,CUST279,Male,50,Clothing_Men,4,20,80
TXN0629,2022-09-08,CUST488,Female,51,Electronics,5,235,1175
TXN0630,2022-10-30,CUST642,Female,54,Kitchen_Utensils,3,34,102
TXN0631,2022-11-22,CUST103,Female,59,Sports,1,108,108
TXN0632,2022-06-11,CUST416,Male,53,Sports,3,177,531
TXN0633,2022-03-17,CUST729,Male,29,Books,5,44,220
TXN0634,2022-11-22,CUST834,Female,56,Home_Decor,3,59,177
TXN0635,2023-11-27,CUST225,Female,57,Kitchen_Utensils,4,47,188
TXN0636,2023-11-05,CUST321,Female,26,Books,1,14,14
TXN0637,2024-05-31,CUST295,Female,27,Kitchen_Utensils,1,27,27
TXN0638,2023-04-26,CUST210,Male,37,Electronics,4,228,912
TXN0639,2023-10-25,CUST181,Male,19,Kitchen_Utensils,4,45,180
TXN0640,2024-06-17,CUST247,Male,41,Sports,4,156,624
TXN0641,2022-06-28,CUST068,Male,25,Home_Decor,2,105,210
TXN0642,2022-08-17,CUST864,Female,51,Home_Decor,1,21,21
TXN0643,2022-12-20,CUST195,Male,52,Sports,1,52,52
TXN0644,2024-03-19,CUST794,Female,60,Sports,3,113,339
TXN0645,2024-02-17,CUST852,Female,41,Clothing_Women,5,89,445
TXN0646,2024-01-21,CUST776,Male,35,Books,5,15,75
TXN0647,2023-07-26,CUST471,Male,32,Clothing_Men,2,22,44
TXN0648,2024-03-28,CUST318,Male,61,Sports,5,145,725
TXN0649,2022-12-14,CUST991,Female,34,Kitchen_Utensils,4,75,300
TXN0650,2022-05-15,CUST607,Male,54,Clothing_Men,1,97,97
TXN0651,2023-07-21,CUST461,Female,18,Clothing_Women,2,85,170
TXN0652,2023-03-03,CUST922,Male,41,Kitchen_Utensils,2,19,38
TXN0653,2022-04-02,CUST720,Female,56,Home_Decor,2,74,148
TXN0654,2022-08-01,CUST343,Male,21,Electronics,4,246,984
TXN0655,2022-12-01,CUST515,Female,49,Beauty,5,43,215
TXN0656,2023-12-04,CUST075,Male,61,Sports,5,150,750
TXN0657,2023-02-11,CUST678,Female,60,Home_Decor,5,85,425
TXN0658,2023-05-03,CUST928,Female,35,Clothing_Women,2,55,110
TXN0659,2024-05-31,CUST517,Female,47,Beauty,2,54,108
TXN0660,2023-03-31,CUST453,Female,26,Beauty,2,54,108
TXN0661,2022-11-28,CUST917,Female,57,Clothing_Women,3,84,252
TXN0662,2024-04-01,CUST041,Male,34,Clothing_Men,3,43,129
TXN0663,2022-04-19,CUST598,Male,37,Sports,2,72,144
TXN0664,2023-06-28,CUST985,Female,19,Clothing_Women,1,73,73
TXN0665,2024-06-05,CUST445,Female,53,Beauty,1,64,64
TXN0666,2024-05-06,CUST349,Female,57,Clothing_Men,1,57,57
TXN0667,2022-04-25,CUST631,Male,56,Clothing_Men,1,28,28
TXN0668,2022-05-30,CUST909,Male,26,Sports,2,41,82
TXN0669,2022-04-14,CUST464,Male,38,Home_Decor,4,49,196
TXN0670,2024-01-04,CUST363,Male,64,Clothing_Men,3,58,174
TXN0671,2022-10-02,CUST344,Female,42,Home_Decor,3,22,66
TXN0672,2023-02-25,CUST842,Female,47,Kitchen_Utensils,2,21,42
TXN0673,2023-11-07,CUST119,Female,60,Kitchen_Utensils,4,68,272
TXN0674,2023-02-20,CUST258,Female,37,Electronics,2,712,1424
TXN0675,2022-07-22,CUST234,Female,62,Clothing_Men,2,42,84
TXN0676,2023-07-01,CUST189,Male,63,Clothing_Men,5,68,340
TXN0677,2023-05-21,CUST507,Female,37,Books,4,22,88
TXN0678,2022-12-14,CUST279,Male,50,Clothing_Women,3,83,249
TXN0679,2023-09-18,CUST488,Female,51,Beauty,2,47,94
TXN0680,2023-04-14,CUST642,Female,54,Clothing_Men,2,35,70
TXN0681,2023-03-25,CUST103,Female,59,Clothing_Women,4,89,356
TXN0682,2024-05-18,CUST416,Male,53,Clothing_Women,5,70,350
TXN0683,2023-12-22,CUST729,Male,29,Kitchen_Utensils,4,74,296
TXN0684,2023-07-08,CUST834,Female,56,Kitchen_Utensils,1,23,23
TXN0685,2023-05-29,CUST225,Female,57,Beauty,1,49,49
TXN0686,2022-06-13,CUST321,Female,26,Electronics,1,990,990
TXN0687,2022-10-02,CUST295,Female,27,Sports,1,105,105
TXN0688,2023-02-19,CUST210,Male,37,Electronics,1,447,447
TXN0689,2022-10-25,CUST181,Male,19,Electronics,4,918,3672
TXN0690,2024-04-15,CUST247,Male,41,Books,4,39,156
TXN0691,2022-03-05,CUST068,Male,25,Sports,4,61,244
TXN0692,2023-05-16,CUST864,Female,51,Kitchen_Utensils,2,82,164
TXN0693,2023-05-29,CUST195,Male,52,Clothing_Men,2,51,102
TXN0694,2023-01-10,CUST794,Female,60,Beauty,4,16,64
TXN0695,2023-02-28,CUST852,Female,41,Beauty,5,61,305
TXN0696,2023-10-22,CUST776,Male,35,Electronics,1,515,515
TXN0697,2022-03-06,CUST471,Male,32,Kitchen_Utensils,1,28,28
TXN0698,2022-04-17,CUST318,Male,61,Sports,3,81,243
TXN0699,2022-05-15,CUST991,Female,34,Beauty,1,54,54
TXN0700,2022-06-03,CUST607,Male,54,Electronics,1,417,417
TXN0701,2022-11-28,CUST461,Female,18,Clothing_Women,5,21,105
TXN0702,2024-02-15,CUST922,Male,41,Electronics,4,394,1576
TXN0703,2022-03-08,CUST720,Female,56,Home_Decor,3,69,207
TXN0704,2022-09-28,CUST343,Male,21,Electronics,1,907,907
TXN0705,2022-02-06,CUST515,Female,49,Clothing_Women,1,66,66
TXN0706,2022-04-29,CUST075,Male,61,Sports,2,32,64
TXN0707,2023-04-10,CUST678,Female,60,Clothing_Women,2,20,40
TXN0708,2022-07-27,CUST928,Female,35,Clothing_Women,4,97,388
TXN0709,2023-01-08,CUST517,Female,47,Beauty,1,36,36
TXN0710,2023-10-09,CUST453,Female,26,Beauty,5,55,275
TXN0711,2023-10-30,CUST917,Female,57,Clothing_Women,2,51,102
TXN0712,2023-09-15,CUST041,Male,34,Clothing_Women,1,73,73
TXN0713,2022-05-21,CUST598,Male,37,Electronics,2,704,1408
TXN0714,2024-06-09,CUST985,Female,19,Beauty,2,11,22
TXN0715,2022-10-06,CUST445,Female,53,Beauty,5,13,65
TXN0716,2022-12-30,CUST349,Female,57,Books,4,30,120
TXN0717,2022-01-20,CUST631,Male,56,Electronics,4,386,1544
TXN0718,2022-07-23,CUST909,Male,26,Clothing_Women,4,98,392
TXN0719,2022-03-04,CUST464,Male,38,Home_Decor,2,109,218
TXN0720,2022-07-13,CUST363,Male,64,Clothing_Women,5,58,290
TXN0721,2023-10-23,CUST344,Female,42,Kitchen_Utensils,5,65,325
TXN0722,2023-04-25,CUST842,Female,47,Clothing_Women,2,57,114
TXN0723,2022-05-28,CUST119,Female,60,Beauty,5,46,230
TXN0724,2023-08-08,CUST258,Female,37,Clothing_Women,2,45,90
TXN0725,2023-05-18,CUST234,Female,62,Beauty,3,19,57
TXN0726,2022-03-16,CUST189,Male,63,Electronics,4,207,828
TXN0727,2022-10-01,CUST507,Female,37,Beauty,3,69,207
TXN0728,2023-05-26,CUST279,Male,50,Electronics,4,343,1372
TXN0729,2024-01-27,CUST488,Female,51,Home_Decor,3,21,63
TXN0730,2022-10-27,CUST642,Female,54,Kitchen_Utensils,2,19,38
TXN0731,2022-07-23,CUST103,Female,59,Kitchen_Utensils,2,34,68
TXN0732,2024-03-04,CUST416,Male,53,Kitchen_Utensils,3,50,150
TXN0733,2022-07-25,CUST729,Male,29,Electronics,2,279,558
TXN0734,2023-10-31,CUST834,Female,56,Clothing_Women,2,95,190
TXN0735,2023-09-11,CUST225,Female,57,Clothing_Women,2,30,60
TXN0736,2023-12-29,CUST321,Female,26,Electronics,1,797,797
TXN0737,2023-08-01,CUST295,Female,27,Electronics,1,469,469
TXN0738,2024-05-22,CUST210,Male,37,Clothing_Men,3,87,261
TXN0739,2023-11-16,CUST181,Male,19,Clothing_Women,2,46,92
TXN0740,2022-01-28,CUST247,Male,41,Clothing_Women,5,92,460
TXN0741,2022-11-09,CUST068,Male,25,Home_Decor,3,73,219
TXN0742,2024-06-14,CUST864,Female,51,Books,2,10,20
TXN0743,2024-03-07,CUST195,Male,52,Electronics,5,715,3575
TXN0744,2024-02-01,CUST794,Female,60,Books,5,36,180
TXN0745,2023-02-14,CUST852,Female,41,Beauty,5,53,265
TXN0746,2022-02-06,CUST776,Male,35,Clothing_Men,3,65,195
TXN0747,2022-03-25,CUST471,Male,32,Home_Decor,1,78,78
TXN0748,2023-12-07,CUST318,Male,61,Sports,4,30,120
TXN0749,2022-07-04,CUST991,Female,34,Clothing_Women,5,49,245
TXN0750,2022-11-17,CUST607,Male,54,Beauty,2,64,128
TXN0751,2024-03-29,CUST461,Female,18,Sports,3,112,336
TXN0752,2024-03-18,CUST922,Male,41,Clothing_Women,5,83,415
TXN0753,2022-08-05,CUST720,Female,56,Books,2,40,80
TXN0754,2022-02-03,CUST343,Male,21,Electronics,3,444,1332
TXN0755,2023-02-09,CUST515,Female,49,Beauty,2,48,96
TXN0756,2022-06-16,CUST075,Male,61,Home_Decor,5,24,120
TXN0757,2023-04-17,CUST678,Female,60,Home_Decor,4,50,200
TXN0758,2022-01-11,CUST928,Female,35,Beauty,2,36,72
TXN0759,2023-04-17,CUST517,Female,47,Beauty,2,28,56
TXN0760,2022-08-25,CUST453,Female,26,Clothing_Men,3,45,135
TXN0761,2022-01-17,CUST917,Female,57,Clothing_Women,3,73,219
TXN0762,2023-03-18,CUST041,Male,34,Books,4,12,48
TXN0763,2023-01-16,CUST598,Male,37,Sports,1,171,171
TXN0764,2022-07-11,CUST985,Female,19,Kitchen_Utensils,2,38,76
TXN0765,2022-04-23,CUST445,Female,53,Beauty,5,58,290
TXN0766,2023-11-18,CUST349,Female,57,Books,2,14,28
TXN0767,2022-04-05,CUST631,Male,56,Beauty,2,52,104
TXN0768,2022-01-01,CUST909,Male,26,Clothing_Men,4,72,288
TXN0769,2023-01-05,CUST464,Male,38,Clothing_Men,2,53,106
TXN0770,2024-05-28,CUST363,Male,64,Kitchen_Utensils,1,51,51
TXN0771,2023-09-30,CUST344,Female,42,Clothing_Women,2,49,98
TXN0772,2022-12-03,CUST842,Female,47,Clothing_Women,5,87,435
TXN0773,2023-10-22,CUST119,Female,60,Kitchen_Utensils,2,33,66
TXN0774,2024-01-18,CUST258,Female,37,Kitchen_Utensils,4,16,64
TXN0775,2022-08-31,CUST234,Female,62,Home_Decor,1,28,28
TXN0776,2022-03-10,CUST189,Male,63,Books,5,30,150
TXN0777,2023-03-07,CUST507,Female,37,Books,3,13,39
TXN0778,2023-09-04,CUST279,Male,50,Home_Decor,4,53,212
TXN0779,2023-05-30,CUST488,Female,51,Kitchen_Utensils,3,28,84
TXN0780,2024-06-04,CUST642,Female,54,Books,5,15,75
TXN0781,2023-04-12,CUST103,Female,59,Sports,5,109,545
TXN0782,2023-04-04,CUST416,Male,53,Clothing_Men,1,82,82
TXN0783,2023-03-06,CUST729,Male,29,Clothing_Men,1,33,33
TXN0784,2022-01-09,CUST834,Female,56,Books,3,49,147
TXN0785,2022-03-09,CUST225,Female,57,Sports,5,87,435
TXN0786,2022-06-19,CUST321,Female,26,Clothing_Women,2,86,172
TXN0787,2024-03-15,CUST295,Female,27,Clothing_Women,1,81,81
TXN0788,2023-09-28,CUST210,Male,37,Clothing_Men,5,47,235
TXN0789,2023-10-28,CUST181,Male,19,Home_Decor,1,60,60
TXN0790,2024-04-20,CUST247,Male,41,Beauty,5,27,135
TXN0791,2023-03-28,CUST068,Male,25,Sports,2,70,140
TXN0792,2022-07-05,CUST864,Female,51,Beauty,5,29,145
TXN0793,2023-04-05,CUST195,Male,52,Electronics,1,347,347
TXN0794,2024-01-04,CUST794,Female,60,Books,2,38,76
TXN0795,2022-05-19,CUST852,Female,41,Clothing_Women,3,46,138
TXN0796,2023-11-12,CUST776,Male,35,Sports,2,37,74
TXN0797,2022-11-12,CUST471,Male,32,Sports,2,96,192
TXN0798,2022-09-26,CUST318,Male,61,Books,2,35,70
TXN0799,2023-03-14,CUST991,Female,34,Sports,5,139,695
TXN0800,2022-05-01,CUST607,Male,54,Books,5,37,185
TXN0801,2022-04-15,CUST461,Female,18,Clothing_Men,1,24,24
TXN0802,2022-07-01,CUST922,Male,41,Home_Decor,3,60,180
TXN0803,2022-06-18,CUST720,Female,56,Kitchen_Utensils,2,82,164
TXN0804,2024-03-04,CUST343,Male,21,Home_Decor,4,102,408
TXN0805,2023-01-26,CUST515,Female,49,Kitchen_Utensils,4,32,128
TXN0806,2022-07-30,CUST075,Male,61,Books,1,33,33
TXN0807,2023-04-28,CUST678,Female,60,Clothing_Men,1,84,84
TXN0808,2022-11-25,CUST928,Female,35,Kitchen_Utensils,1,18,18
TXN0809,2023-04-10,CUST517,Female,47,Kitchen_Utensils,5,45,225
TXN0810,2024-02-19,CUST453,Female,26,Clothing_Women,3,32,96
TXN0811,2023-12-25,CUST917,Female,57,Electronics,1,259,259
TXN0812,2024-02-17,CUST041,Male,34,Electronics,5,100,500
TXN0813,2022-07-17,CUST598,Male,37,Clothing_Men,4,53,212
TXN0814,2023-06-25,CUST985,Female,19,Clothing_Men,2,88,176
TXN0815,2024-05-29,CUST445,Female,53,Clothing_Women,5,30,150
TXN0816,2023-04-13,CUST349,Female,57,Clothing_Women,2,89,178
TXN0817,2022-10-18,CUST631,Male,56,Clothing_Men,3,63,189
TXN0818,2022-03-12,CUST909,Male,26,Books,2,16,32
TXN0819,2022-11-22,CUST464,Male,38,Clothing_Men,5,62,310
TXN0820,2022-01-21,CUST363,Male,64,Books,2,43,86
TXN0821,2023-03-14,CUST344,Female,42,Beauty,5,53,265
TXN0822,2023-06-13,CUST842,Female,47,Sports,1,134,134
TXN0823,2023-01-16,CUST119,Female,60,Kitchen_Utensils,4,22,88
TXN0824,2022-03-02,CUST258,Female,37,Clothing_Women,1,25,25
TXN0825,2024-05-23,CUST234,Female,62,Books,1,49,49
TXN0826,2022-01-15,CUST189,Male,63,Beauty,3,42,126
TXN0827,2022-10-02,CUST507,Female,37,Kitchen_Utensils,2,47,94
TXN0828,2022-01-10,CUST279,Male,50,Books,3,49,147
TXN0829,2023-01-04,CUST488,Female,51,Clothing_Women,2,50,100
TXN0830,2022-09-29,CUST642,Female,54,Kitchen_Utensils,5,83,415
TXN0831,2023-05-19,CUST103,Female,59,Beauty,3,29,87
TXN0832,2023-01-24,CUST416,Male,53,Electronics,2,657,1314
TXN0833,2024-03-14,CUST729,Male,29,Sports,2,81,162
TXN0834,2023-09-27,CUST834,Female,56,Kitchen_Utensils,4,44,176
TXN0835,2024-04-30,CUST225,Female,57,Books,2,45,90
TXN0836,2022-04-06,CUST321,Female,26,Home_Decor,2,27,54
TXN0837,2022-02-22,CUST295,Female,27,Kitchen_Utensils,4,28,112
TXN0838,2022-06-06,CUST210,Male,37,Clothing_Men,4,54,216
TXN0839,2024-04-29,CUST181,Male,19,Home_Decor,3,74,222
TXN0840,2023-07-22,CUST247,Male,41,Books,2,33,66
TXN0841,2022-11-02,CUST068,Male,25,Books,2,28,56
TXN0842,2023-11-20,CUST864,Female,51,Kitchen_Utensils,5,32,160
TXN0843,2023-11-02,CUST195,Male,52,Books,2,42,84
TXN0844,2024-02-01,CUST794,Female,60,Kitchen_Utensils,2,74,148
TXN0845,2023-10-12,CUST852,Female,41,Home_Decor,1,30,30
TXN0846,2024-05-22,CUST776,Male,35,Sports,2,60,120
TXN0847,2024-02-01,CUST471,Male,32,Clothing_Men,3,74,222
TXN0848,2022-01-11,CUST318,Male,61,Home_Decor,5,75,375
TXN0849,2022-01-11,CUST991,Female,34,Kitchen_Utensils,5,79,395
TXN0850,2023-04-15,CUST607,Male,54,Clothing_Men,1,95,95
TXN0851,2023-12-17,CUST461,Female,18,Electronics,1,755,755
TXN0852,2022-01-05,CUST922,Male,41,Clothing_Men,1,92,92
TXN0853,2024-04-30,CUST720,Female,56,Clothing_Women,5,76,380
TXN0854,2023-09-23,CUST343,Male,21,Clothing_Men,5,97,485
TXN0855,2022-11-17,CUST515,Female,49,Electronics,1,205,205
TXN0856,2023-02-09,CUST075,Male,61,Home_Decor,5,97,485
TXN0857,2024-04-04,CUST678,Female,60,Electronics,3,133,399
TXN0858,2022-12-16,CUST928,Female,35,Home_Decor,3,30,90
TXN0859,2023-12-19,CUST517,Female,47,Beauty,5,31,155
TXN0860,2023-11-17,CUST453,Female,26,Sports,2,178,356
TXN0861,2023-04-14,CUST917,Female,57,Kitchen_Utensils,1,49,49
TXN0862,2023-09-30,CUST041,Male,34,Home_Decor,4,99,396
TXN0863,2022-01-24,CUST598,Male,37,Beauty,4,47,188
TXN0864,2024-05-17,CUST985,Female,19,Clothing_Women,1,74,74
TXN0865,2023-06-28,CUST445,Female,53,Beauty,3,59,177
TXN0866,2024-05-27,CUST349,Female,57,Clothing_Women,3,50,150
TXN0867,2024-04-09,CUST631,Male,56,Electronics,2,745,1490
TXN0868,2023-08-17,CUST909,Male,26,Beauty,4,27,108
TXN0869,2023-06-19,CUST464,Male,38,Kitchen_Utensils,1,63,63
TXN0870,2023-05-10,CUST363,Male,64,Sports,2,149,298
TXN0871,2023-04-30,CUST344,Female,42,Home_Decor,3,108,324
TXN0872,2022-05-12,CUST842,Female,47,Kitchen_Utensils,2,18,36
TXN0873,2023-07-13,CUST119,Female,60,Books,1,19,19
TXN0874,2022-06-05,CUST258,Female,37,Clothing_Women,2,77,154
TXN0875,2023-02-15,CUST234,Female,62,Beauty,5,29,145
TXN0876,2022-09-21,CUST189,Male,63,Beauty,5,60,300
TXN0877,2022-05-05,CUST507,Female,37,Home_Decor,2,83,166
TXN0878,2022-02-26,CUST279,Male,50,Beauty,4,24,96
TXN0879,2022-01-12,CUST488,Female,51,Clothing_Women,3,39,117
TXN0880,2022-09-28,CUST642,Female,54,Books,4,27,108
TXN0881,2023-11-01,CUST103,Female,59,Clothing_Women,1,39,39
TXN0882,2022-08-27,CUST416,Male,53,Kitchen_Utensils,2,65,130
TXN0883,2022-03-11,CUST729,Male,29,Home_Decor,1,97,97
TXN0884,2024-06-11,CUST834,Female,56,Clothing_Women,2,59,118
TXN0885,2022-01-08,CUST225,Female,57,Sports,2,148,296
TXN0886,2023-03-26,CUST321,Female,26,Books,3,48,144
TXN0887,2022-06-28,CUST295,Female,27,Electronics,1,890,890
TXN0888,2022-06-18,CUST210,Male,37,Beauty,2,61,122
TXN0889,2023-01-28,CUST181,Male,19,Clothing_Men,2,49,98
TXN0890,2024-05-29,CUST247,Male,41,Clothing_Men,3,29,87
TXN0891,2022-07-01,CUST068,Male,25,Sports,4,57,228
TXN0892,2023-08-23,CUST864,Female,51,Books,5,36,180
TXN0893,2023-08-16,CUST195,Male,52,Books,2,14,28
TXN0894,2022-08-10,CUST794,Female,60,Books,3,36,108
TXN0895,2022-11-08,CUST852,Female,41,Beauty,3,17,51
TXN0896,2023-11-26,CUST776,Male,35,Clothing_Men,2,86,172
TXN0897,2022-08-06,CUST471,Male,32,Electronics,4,169,676
TXN0898,2022-04-14,CUST318,Male,61,Clothing_Men,4,57,228
TXN0899,2023-08-09,CUST991,Female,34,Electronics,5,215,1075
TXN0900,2024-02-09,CUST607,Male,54,Sports,3,158,474
TXN0901,2024-06-05,CUST461,Female,18,Sports,5,31,155
TXN0902,2023-12-09,CUST922,Male,41,Sports,3,122,366
TXN0903,2023-09-14,CUST720,Female,56,Home_Decor,3,29,87
TXN0904,2023-08-08,CUST343,Male,21,Beauty,2,46,92
TXN0905,2023-12-17,CUST515,Female,49,Clothing_Women,2,40,80
TXN0906,2023-11-20,CUST075,Male,61,Beauty,1,28,28
TXN0907,2024-01-09,CUST678,Female,60,Kitchen_Utensils,4,75,300
TXN0908,2023-05-12,CUST928,Female,35,Clothing_Men,3,29,87
TXN0909,2023-01-03,CUST517,Female,47,Kitchen_Utensils,5,43,215
TXN0910,2022-11-25,CUST453,Female,26,Books,5,22,110
TXN0911,2023-05-17,CUST917,Female,57,Books,5,28,140
TXN0912,2023-02-07,CUST041,Male,34,Home_Decor,4,57,228
TXN0913,2022-03-28,CUST598,Male,37,Kitchen_Utensils,5,25,125
TXN0914,2023-08-27,CUST985,Female,19,Beauty,3,46,138
TXN0915,2022-02-18,CUST445,Female,53,Beauty,3,59,177
TXN0916,2023-04-27,CUST349,Female,57,Kitchen_Utensils,4,18,72
TXN0917,2023-01-16,CUST631,Male,56,Clothing_Men,4,21,84
TXN0918,2022-01-17,CUST909,Male,26,Clothing_Men,3,86,258
TXN0919,2022-12-30,CUST464,Male,38,Clothing_Men,5,97,485
TXN0920,2023-06-03,CUST363,Male,64,Beauty,1,34,34
TXN0921,2022-07-28,CUST344,Female,42,Home_Decor,3,103,309
TXN0922,2023-06-27,CUST842,Female,47,Clothing_Men,1,41,41
TXN0923,2023-01-18,CUST119,Female,60,Home_Decor,4,55,220
TXN0924,2023-07-19,CUST258,Female,37,Home_Decor,3,83,249
TXN0925,2022-06-27,CUST234,Female,62,Kitchen_Utensils,3,39,117
TXN0926,2023-12-23,CUST189,Male,63,Sports,5,76,380
TXN0927,2022-09-01,CUST507,Female,37,Beauty,3,47,141
TXN0928,2024-04-21,CUST279,Male,50,Beauty,5,46,230
TXN0929,2024-06-18,CUST488,Female,51,Clothing_Women,4,76,304
TXN0930,2024-01-19,CUST642,Female,54,Kitchen_Utensils,5,49,245
TXN0931,2022-07-03,CUST103,Female,59,Clothing_Women,3,22,66
TXN0932,2023-07-17,CUST416,Male,53,Clothing_Men,1,93,93
TXN0933,2022-10-24,CUST729,Male,29,Sports,4,44,176
TXN0934,2024-03-07,CUST834,Female,56,Clothing_Women,2,54,108
TXN0935,2022-02-03,CUST225,Female,57,Sports,2,67,134
TXN0936,2022-01-27,CUST321,Female,26,Home_Decor,2,50,100
TXN0937,2023-11-19,CUST295,Female,27,Home_Decor,3,39,117
TXN0938,2024-04-03,CUST210,Male,37,Electronics,5,310,1550
TXN0939,2022-07-05,CUST181,Male,19,Clothing_Men,5,61,305
TXN0940,2024-01-21,CUST247,Male,41,Clothing_Men,4,27,108
TXN0941,2023-05-14,CUST068,Male,25,Clothing_Men,3,40,120
TXN0942,2022-05-21,CUST864,Female,51,Beauty,1,50,50
TXN0943,2023-09-29,CUST195,Male,52,Electronics,4,301,1204
TXN0944,2024-01-17,CUST794,Female,60,Kitchen_Utensils,2,62,124
TXN0945,2023-06-30,CUST852,Female,41,Clothing_Women,2,75,150
TXN0946,2023-06-14,CUST776,Male,35,Sports,3,132,396
TXN0947,2023-04-26,CUST471,Male,32,Beauty,3,65,195
TXN0948,2023-11-27,CUST318,Male,61,Clothing_Men,5,35,175
TXN0949,2023-12-11,CUST991,Female,34,Beauty,1,21,21
TXN0950,2023-01-12,CUST607,Male,54,Clothing_Men,1,37,37
TXN0951,2022-04-26,CUST461,Female,18,Home_Decor,4,42,168
TXN0952,2023-11-01,CUST922,Male,41,Electronics,1,691,691
TXN0953,2023-07-18,CUST720,Female,56,Clothing_Women,4,92,368
TXN0954,2023-06-26,CUST343,Male,21,Electronics,3,850,2550
TXN0955,2024-03-20,CUST515,Female,49,Clothing_Women,4,52,208
TXN0956,2022-04-27,CUST075,Male,61,Electronics,1,874,874
TXN0957,2023-09-26,CUST678,Female,60,Beauty,4,54,216
TXN0958,2023-05-19,CUST928,Female,35,Sports,2,78,156
TXN0959,2023-06-23,CUST517,Female,47,Electronics,2,167,334
TXN0960,2022-05-24,CUST453,Female,26,Electronics,2,936,1872
TXN0961,2024-05-22,CUST917,Female,57,Clothing_Women,2,46,92
TXN0962,2023-05-20,CUST041,Male,34,Electronics,4,266,1064
TXN0963,2022-10-19,CUST598,Male,37,Home_Decor,5,101,505
TXN0964,2023-12-10,CUST985,Female,19,Clothing_Men,3,55,165
TXN0965,2022-01-19,CUST445,Female,53,Home_Decor,2,103,206
TXN0966,2023-09-01,CUST349,Female,57,Books,4,35,140
TXN0967,2024-03-20,CUST631,Male,56,Books,2,39,78
TXN0968,2023-01-04,CUST909,Male,26,Books,2,33,66
TXN0969,2024-04-22,CUST464,Male,38,Books,5,27,135
TXN0970,2024-04-01,CUST363,Male,64,Clothing_Men,1,56,56
TXN0971,2024-04-18,CUST344,Female,42,Kitchen_Utensils,1,38,38
TXN0972,2022-11-07,CUST842,Female,47,Clothing_Women,3,25,75
TXN0973,2022-03-19,CUST119,Female,60,Beauty,4,30,120
TXN0974,2024-05-15,CUST258,Female,37,Clothing_Women,5,72,360
TXN0975,2022-04-19,CUST234,Female,62,Kitchen_Utensils,4,35,140
TXN0976,2024-04-08,CUST189,Male,63,Books,5,24,120
TXN0977,2022-08-08,CUST507,Female,37,Clothing_Women,3,70,210
TXN0978,2024-02-25,CUST279,Male,50,Sports,1,115,115
TXN0979,2024-02-05,CUST488,Female,51,Home_Decor,3,32,96
TXN0980,2022-09-01,CUST642,Female,54,Home_Decor,1,80,80
TXN0981,2022-10-10,CUST103,Female,59,Electronics,4,131,524
TXN0982,2023-11-19,CUST416,Male,53,Home_Decor,5,69,345
TXN0983,2022-02-07,CUST729,Male,29,Sports,5,60,300
TXN0984,2022-12-08,CUST834,Female,56,Books,2,15,30
TXN0985,2023-07-02,CUST225,Female,57,Sports,3,98,294
TXN0986,2023-12-20,CUST321,Female,26,Books,4,21,84
TXN0987,2023-12-29,CUST295,Female,27,Clothing_Women,5,48,240
TXN0988,2022-07-11,CUST210,Male,37,Clothing_Men,2,52,104
TXN0989,2022-04-08,CUST181,Male,19,Clothing_Men,1,60,60
TXN0990,2022-06-23,CUST247,Male,41,Kitchen_Utensils,3,66,198
TXN0991,2022-12-29,CUST068,Male,25,Kitchen_Utensils,2,59,118
TXN0992,2022-08-15,CUST864,Female,51,Kitchen_Utensils,4,16,64
TXN0993,2024-01-07,CUST195,Male,52,Clothing_Women,1,72,72
TXN0994,2023-03-27,CUST794,Female,60,Beauty,2,36,72
TXN0995,2023-08-22,CUST852,Female,41,Clothing_Women,4,74,296
TXN0996,2024-03-31,CUST776,Male,35,Electronics,3,807,2421
TXN0997,2023-09-05,CUST471,Male,32,Clothing_Women,4,69,276
TXN0998,2022-10-30,CUST318,Male,61,Clothing_Men,2,80,160
TXN0999,2023-11-12,CUST991,Female,34,Kitchen_Utensils,1,22,22
TXN1000,2022-10-08,CUST607,Male,54,Beauty,5,52,260
